"fileName","fileId","1_distal_x","1_distal_y","1_mesial_x","1_mesial_y","2_distal_x","2_distal_y","2_mesial_x","2_mesial_y","3_distal_x","3_distal_y","3_mesial_x","3_mesial_y","4_distal_x","4_distal_y","4_mesial_x","4_mesial_y","5_distal_x","5_distal_y","5_mesial_x","5_mesial_y","6_distal_x","6_distal_y","6_mesial_x","6_mesial_y","7_distal_x","7_distal_y","7_mesial_x","7_mesial_y","8_distal_x","8_distal_y","8_mesial_x","8_mesial_y","9_distal_x","9_distal_y","9_mesial_x","9_mesial_y","10_distal_x","10_distal_y","10_mesial_x","10_mesial_y","11_distal_x","11_distal_y","11_mesial_x","11_mesial_y","12_distal_x","12_distal_y","12_mesial_x","12_mesial_y","13_distal_x","13_distal_y","13_mesial_x","13_mesial_y","14_distal_x","14_distal_y","14_mesial_x","14_mesial_y","6L_x","6L_y","5L_x","5L_y","4L_x","4L_y","6R_x","6R_y","5R_x","5R_y","4R_x","4R_y","C_x","C_y"
"000425_Initial_Mandibular.stl.png",2498562,549.992885806498,196.368958811999,595.447430275843,373.641682242444,595.650023924484,374.181779538071,660.894545289894,549.688285469091,658.797299484789,551.144378481265,715.631184189114,656.581311087397,705.148671957641,663.042445022627,768.639178074259,759.19115498484,775.777668415564,750.565680802627,858.416193565043,825.798394596935,875.634092398467,780.111498910387,962.249093234112,830.011475972609,888.793191629387,864.485263696254,971.114857490849,891.426899796368,1028.45968075931,838.681227514375,960.745952165887,871.042407042957,1123.64364238393,797.994886098478,1031.37699747668,844.729294186676,1193.82039022055,724.812710088984,1136.11616930136,823.541025567911,1246.38214342851,625.97592554554,1205.71310520557,732.628788602921,1284.01405647715,511.282785255093,1238.01106566256,621.224951028584,1345.86091293679,332.153190539303,1284.41742150649,510.78527651209,1385.44745892942,160.914439875117,1346.35655068579,330.914436190466,628.993060316306,516.931220843789,674.495706163354,620.105824799304,728.99306107319,730.158735685188,1308.8872453565,471.428574996741,1272.90840910534,585.714290147466,1241.16237711903,697.354502632665,965.691537933196,881.452610512835